{
  "status": "trained",
  "validation": {
    "rmse": 4404.1219,
    "mae": 2167.0366,
    "mape": 98.2973,
    "r2": -0.3195
  },
  "test": {
    "rmse": 4516.8872,
    "mae": 2543.5961,
    "mape": 98.7487,
    "r2": -0.4644
  },
  "scaler_min": [
    0.0,
    0.0,
    0.0,
    -0.089628596106571,
    -0.1798950386841963,
    0.0,
    0.5001851013944305,
    0.0,
    -1.1111111111111112,
    -1.5,
    -0.08,
    0.0,
    0.0,
    0.0,
    0.0,
    0.0
  ],
  "scaler_scale": [
    7.8125e-05,
    7.8125e-05,
    7.8125e-05,
    0.00019932230416583617,
    0.0003787263972298869,
    0.00021879879247863802,
    0.00012340092962033646,
    0.16666666666666666,
    0.1111111111111111,
    0.5,
    0.04,
    1.0,
    1.0,
    1.0,
    1.0,
    1.0
  ],
  "window_size": 5,
  "feature_count": 16,
  "model_path": "D:\\newwork\\finset\\backend\\models\\lstm_saved_model"
}